GEOID10,EDU_Z,ECON_Z,HOUSE_Z,TRANS_Z,HEALTH_Z,OPP_Z
53033000100,0.0993573071821561,-0.7064560707280878,0.35806745725515715,-0.05080243005467992,0.4267827291421444,0.02538979855933798
53033000200,-0.7417928143689119,-0.3947213927650722,0.39246789020398654,-0.08557079102980486,-0.2121038689293365,-0.20834419537782778
53033000300,-0.6533704221125778,0.3348732392256518,0.2602764394531502,0.016835034078284024,-0.18628497558209114,-0.04553413698751658
53033000401,-0.7284691008610346,-0.28118347802181554,-0.7866709536879685,0.14690847597369552,0.297644080267386,-0.2703541952659474
53033000402,-0.7284691008610346,0.07660525062001754,-0.1515984615586374,-0.11972816960411026,-0.5543152627468663,-0.2955011488301262
53033000500,-0.7284691008610346,0.5187463385791113,0.7704807680894652,-0.17810609733541485,0.09374165382799604,0.09527871246002463
53033000600,-0.863643275864715,0.06892738599410209,-0.4059376600472168,-0.03017894186449479,-0.4136812013304246,-0.3289027386225498
53033000700,-0.22131996331331694,0.004376212423114756,0.2743622555906878,-0.023631726514912986,0.3281135867562941,0.07238007298837335
53033000800,0.40810553265218447,-0.06012853328314787,0.7479819615220267,-0.09696898717370736,0.2531145682192387,0.25042090838731895
53033000900,0.4795765229075427,0.0754193753480797,0.421326769776757,-0.16602620245712224,0.4031126052933495,0.24268181417372134
53033001000,0.19551361513370152,-0.6673363671272281,0.34773631864269317,-0.028529438726796842,0.4781116238304049,0.06509915035055493
53033001100,-0.13311101674755174,0.38158642647268415,0.10742895435930343,1.1695689439118057e-4,0.4312372372447453,0.15745171164471447
53033001200,-0.7611552709164333,-0.49234456727467946,-1.0216067659199273,0.2677926970372274,0.3396911864466276,-0.33352454412543703
53033001300,-0.6259810959127532,-0.13778096080508753,0.5660698638895268,-0.03207000069463382,-0.03469891767795293,-0.05289222224018013
53033001400,0.519618273046814,0.20638222396143685,0.24813626202298208,-0.08770470136428027,-0.052437747792197675,0.166798861974951
53033001500,0.8780711263927066,-0.6918714844436703,0.265194467256208,-0.15307022843950813,0.36561309602482184,0.1327873953581116
53033001600,0.8780711263927066,-0.15852777878891414,-0.01403204563937716,-0.04926644082613083,0.27056489823700336,0.18536195187505755
53033001701,0.6361113607975175,-0.2879606980228769,-0.043440887858236354,0.025941923610517392,0.1604470755311611,0.09821975481161656
53033001702,0.6361113607975175,-0.052112956376107626,0.13838610536640525,-0.04607115220594279,0.1135726889455015,0.15797720930547476
53033001800,0.19223046641915012,0.4265769651148144,0.49717054374318465,0.13875720422135626,-0.2921319746329114,0.1925206409731188
53033001900,-0.029304419208929677,-0.6056859113645809,0.030797064846769782,0.03492670409528241,0.15936579504791945,-0.0819801533167078
53033002000,-0.16235411310828113,-0.1724261622578461,0.35868465615280526,0.026964177251865104,0.3281135867562941,0.07579642895896745
53033002100,0.2560554840691654,0.08066032768146184,0.5663784633383508,-0.058072254210707976,-0.36939737959345703,0.09512492825696262
53033002200,0.5875461383019372,1.0415468338793263,0.6149675789076593,-0.11315900282295899,0.4031126052933495,0.5068028307118627
53033002400,0.5875461383019372,0.19433543695386613,0.20197429949285564,0.06878467607744387,0.1687406723650514,0.24427624463823086
53033002500,0.6779946335253808,0.4552659113642724,0.01794364826999793,0.10035112435896787,0.4031126052933495,0.3309335845623937
53033002600,0.16243791955188833,0.1820368959310017,0.3289975171584162,0.05587334199166328,0.34686334139055797,0.21524180320470548
53033002700,0.07516302046429538,0.7551151073467564,0.13297211286357216,0.0491068513125242,0.29998895480489834,0.2624692093584093
53033002800,0.21835382835107645,0.8098807582550068,0.6885527024836352,0.11853969572306698,-0.012961621900327245,0.3644730725824916
53033002900,0.5692062737096225,0.11630325104836954,-0.25795080770708717,0.14018102748826083,0.22141031102797087,0.15783001111342732
53033003000,0.5471203486479885,0.21489662202589888,0.26468646151685427,0.009943537572150517,-0.908415145625519,0.02564636482747465
53033003100,0.6349001473754428,0.135051855390691,0.16876862002244233,-0.05827312548976248,0.1874664627170731,0.21358279200317734
53033003200,0.63013147149106985,0.140867263122859,0.21578291938200128,0.14270114212594195,0.25145892914440726,0.27618834505325585
53033003300,0.2487323737818474,-0.08029337127979688,0.41404531065921096,0.08026079712705533,0.22843769777458856,0.17823656161258108
53033003400,0.3068901515478969,0.6328176098146653,0.5383052853119589,0.2664776442583134,0.03391276468533238,0.3556806911236334
53033003500,0.8277741774229552,0.15926325906943625,0.12202910291154788,0.07052570010324824,0.4134748611411881,0.31861342012967514
53033003600,0.5656943295601932,0.7454598119842292,0.6167118968834043,0.15828555647907444,0.44998699187900915,0.5072277173571821
53033003800,0.6779946335253808,-0.19591148671906325,0.4458031178106298,0.10144247828937833,0.1687406723650514,0.23961388305427542
53033003900,0.9380142975404054,0.1388988382085992,0.21325872697659837,0.0154662067231311,0.46873674651327296,0.3548749631924014
53033004000,0.6967353046021102,-0.11536925131550313,0.2622500682439589,-0.023057141297790976,0.4781116238304049,0.25973412081263597
53033004100,0.42008116975303006,NA,0.6203362174007301,0.18034286850095807,-0.7769403790258925,NA
53033004200,0.7397930972779352,0.046962137914879944,0.12524004305601313,0.1639525629125213,0.33748846407342603,0.28268726104695513
53033004301,0.6596341758149664,-0.03261846593796797,-0.3841905493694065,0.3093520552374721,-0.1587624384708033,0.07868295545485215
53033004302,0.4691629342043876,-0.8522616544636765,-0.23229091095511598,0.9023563674810287,-0.14938756115367136,0.02751583502259048
53033004400,0.7642378115684736,-0.1641160666193697,-0.662029917186622,0.6135453342320003,0.44998699187900915,0.2003248307746983
53033004500,0.6752236568140534,0.9775750446818082,0.4949819417527798,0.2875414087537111,0.31873870943916216,0.5508121522883029
53033004600,0.5656943295601932,0.26150483172055106,0.3929822226186933,0.10780028922418332,0.46972412504397965,0.3595411596335201
53033004700,0.6773611479589284,0.27873598016580214,0.4130538761469499,0.31892895221539735,0.12627362121963462,0.3628707155413425
53033004800,0.6770146714354938,0.29947163447822933,0.9180624811731825,0.09824007572513949,0.4509743704097158,0.48875264664435214
53033004900,0.9435437250327171,0.5615878805112916,0.40734382012216064,0.24362095415977125,0.4124857006154227,0.5137164160882727
53033005000,0.6807840886383607,0.5856555178593402,0.5825171969004576,0.25927992293595714,0.2906140774877664,0.4797701607643764
53033005100,0.94107292192389,0.4562175434491006,0.5814228959052552,0.4079029109777481,0.29998895480489834,0.5373210454121784
53033005200,0.6773250042910548,0.3580992596473621,-0.12273666842750679,0.8618353040901088,0.31867372327254045,0.41863932457471187
53033005301,0.4691629342043876,-1.1920613346826814,-0.8310465399257422,1.0313120834659588,0.18679729272476453,-0.06716711284266252
53033005302,0.9501273048375287,-2.0743531783990914,0.3424758741906516,1.1176710792689217,0.28100098026645515,0.12338441203289316
53033005400,0.9435437250327171,1.1166101826884027,-0.2522016069240504,0.3853149645157363,0.032821531356219416,0.44521775933380503
53033005600,1.0125286760696979,-0.4593701382504055,0.2756622895517729,-0.008449883336884352,0.2624654812541285,0.21656728505766187
53033005700,1.0203991507257864,0.3529522794216872,-0.017499018182781063,0.07837612880381287,0.4780876595481628,0.38246324006333365
53033005801,1.0203991507257864,0.1254262362275135,-0.33207775422257646,0.08790612702982567,-0.24994527054473642,0.13034169784316252
53033005802,0.5267445816137613,-0.136828426815015,0.6857140835126878,0.07737331509511253,0.25309060393699656,0.28121883146870863
53033005900,0.6454487696595795,-0.014207457171901722,-1.2897382484476538,0.4138144178487039,-0.5691782494792907,-0.16277215351811258
53033006000,0.2550634583216263,0.8737142268394908,0.9516399822584811,0.3199927579623961,-0.3897302819943779,0.4021360286775233
53033006100,0.6865916434082571,1.0806168556955407,0.7385447184969701,0.3635359400351792,0.44998699187900915,0.6638552299029913
53033006200,0.6645818105211634,0.9905385903585044,-0.17528569492913906,0.2552153619667533,0.38436285065908565,0.42388258371527354
53033006300,0.6645818105211634,-0.027442270082857722,0.9067080052893928,0.18973649565985168,0.3281135867562941,0.41233952562876885
53033006400,-0.08350051278394394,0.6893874555705813,-0.18274006892967332,0.18635752676342734,0.215615058950711,0.16502389191422048
53033006500,-0.353903264599864,1.1788301115684907,0.106636926137572,0.648203398296424,0.4781116238304049,0.41157575904660554
53033006600,-0.40737050544739845,1.2056786069223886,0.856341753661445,1.053399279929969,0.44998699187900915,0.6316072253890826
53033006700,0.26542222164714874,0.8086747662755331,0.03427013388919339,0.9659826655155516,0.0034111252911106504,0.4155521825237075
53033006800,0.3886544472045427,0.8657292031245084,0.3346742555416784,0.4714205401987,0.3937377279762176,0.4908432348091294
53033006900,0.3886544472045427,2.3136830966590916,0.36042897412855024,0.2565542527192063,0.4593618691961411,0.7557365279815064
53033007000,0.31613477441272714,1.4607822662890395,0.5665141479041866,0.6447783411471162,0.3589940467094856,0.669440715292511
53033007100,0.26542222164714874,0.9521014790764772,0.33707441761468643,1.0086618873608546,-0.011858814848178639,0.5102802381701976
53033007200,0.26542222164714874,1.5996001395972848,0.3109512905299221,4.073508398664534,0.4406121145618772,1.3380188330001532
53033007300,-0.9046294699434846,1.9795455974029708,-0.49885420703867145,3.1628178341888153,0.41005209279706134,0.8297863694813383
53033007401,-0.48414967906410994,1.1483406250310206,-0.11415423455201919,1.368575546935857,0.4218623599276134,0.46809492365567235
53033007402,-0.9046294699434846,1.3005009963836722,-0.7898648346859987,2.83132244590001,0.41248748261048146,0.569963324052936
53033007500,-0.524879906264068,1.5973314371334644,0.21784166392329082,2.1616607781812505,0.41248748261048146,0.7728882911168838
53033007600,-0.5637624569877685,1.3983117945320185,0.08539609521461089,0.7265866966615994,0.4291241220939351,0.41513125030287906
53033007700,-0.5637624569877685,0.9569696157294071,0.4320587192048107,0.30989434404337823,0.33748846407342603,0.2945297372126507
53033007800,0.21627559756962986,1.362254588290076,0.01253586501867963,0.16969904597367064,0.4031126052933495,0.4327755404290811
53033007900,-0.833505187189558,1.577412580597187,0.6618824249012697,0.7914011886004851,0.36561309602482184,0.5125608205868412
53033008001,0.26542222164714874,0.94228024315752,-0.3703527129709497,1.3318703632834195,-0.013256205482077454,0.4311927819270122
53033008002,0.26542222164714874,1.2445312828355022,-1.6250986942216503,4.57241855226234,0.38436285065908565,0.9683272426364852
53033008100,-0.032248131263457436,0.9530628626258594,-0.07909494642119201,7.328417796971055,0.314614070714458,1.6969503305253446
53033008200,-0.032248131263457436,1.1533705877279732,0.5618196037994723,3.1628597039542807,0.4312372372447453,1.0554078002926028
53033008300,-0.42315897026518284,1.4712168514883142,0.033740964300386145,2.1656970441284242,0.38436285065908565,0.7263717480622055
53033008400,-0.872819335756127,1.7613099893635087,0.10122040221117308,2.8392933238832283,0.36561309602482184,0.8389234951453209
53033008500,-0.4638891974651409,0.8894571852543309,-2.3071587641266658,3.0324619887206,0.41248748261048146,0.3126717389987212
53033008600,-0.6910154218650639,0.6756105232842236,0.7564605881177164,2.4212521990220743,0.2531145682192387,0.6830844913556379
53033008700,-0.3961850515060883,3.1669758505174896,0.7520505660540123,0.7755596841088277,0.3281135867562941,0.9253029271861071
53033008800,-0.3961850515060883,1.1839663242849674,-0.28442167899892307,0.4550044938009416,0.4312372372447453,0.27792026496512856
53033008900,0.2537169545158235,0.7712624350908754,0.7246274050081628,0.15685916121635818,0.36561309602482184,0.4544158103712084
53033009000,-0.002585450728716976,0.8905919788910703,0.37075478518292637,1.2815189985711057,0.3562382187076899,0.5793037061248151
53033009100,-0.07396892503927818,0.42174028415851794,0.08453401859283242,2.6767718614983993,0.3749879733419538,0.696813042510485
53033009200,-0.21696203957475715,1.4667691000958343,-0.25150002201088745,3.0164206448536977,0.33984614333130025,0.8709147653390376
53033009300,0.14465925461571189,0.6753857501158481,-0.14448309109009402,0.6306706198010876,-0.4995323584774176,0.1613400349930272
53033009400,-0.0809228662718103,0.4343779115056129,0.547125329439367,0.460017381739388,-0.28183831073951643,0.21575188913460822
53033009500,0.38944907376900495,0.33191378898634877,0.33707441761468643,0.284172627014934,0.3651147980148078,0.34154494107995637
53033009600,0.2819421499879424,-0.14749932040679462,1.2601363410999693,0.14880154093640927,-0.2278429997818596,0.26310754236713335
53033009701,0.2819421499879424,0.046003306673942417,0.08045007732811381,-0.06849376147961145,0.31873870943916216,0.13172809638990987
53033009702,0.2819421499879424,-0.029020055155900188,0.22256028543581902,-0.04750209079159167,0.3567946413174092,0.15695498615873577
53033009800,0.42291826574748553,0.30917061524605916,0.2609592745165871,0.10867150678825635,0.0942980764377153,0.2392035477472207
53033009900,0.5988693001091222,-0.3318919670432494,0.3608404400603156,0.05525924948856393,0.34741976400027724,0.2060993573230059
53033010001,0.05171786749434088,0.17961158498875598,0.07063529176904244,0.35020471273124715,0.35714609104572564,0.20186310960582243
53033010002,0.015794625002386792,1.184946987383931,-0.284200142239931,0.9390666291005675,0.2916993857232291,0.4294614969940367
53033010100,-0.05906876334687884,-0.17509504061766937,-0.06177173793761342,0.1963159753071922,0.3281135867562941,0.04569880403226493
53033010200,-0.625049208358892,0.24472477909199555,0.16689103148058917,-0.037348630341895665,0.4031126052933495,0.03046611543302932
53033010300,-0.13920221590558074,-0.3020822024775019,-0.8969773836520216,0.3252118146541447,0.4312372372447453,-0.11636255002724286
53033010401,-0.13920221590558074,-0.6854316527443203,-0.21741927481467666,0.39781741952983424,-0.4538687017226756,-0.2196208851314838
53033010402,-0.08156356447515134,0.24519059221111447,-0.1609795856118392,0.13292427432018866,-0.5033503521122821,-0.0735557271335939
53033010500,0.6022537414403482,0.07632578432779726,0.40394006974481805,0.09883554162658637,0.16588998954988932,0.26944902533788784
53033010600,0.10019075132940344,0.4485877138765273,0.22214590594569333,-0.029625048046034892,0.30738319551860827,0.20973650372483948
53033010701,-0.40675679835702566,-0.23161660369211398,0.24741412192074602,0.01269190150492962,-0.5054116832467497,-0.17673581237404273
53033010702,0.023993164179473774,-0.022473171556101512,-0.15278623908211808,-0.05017170251028006,-0.5147865605638815,-0.14324490190658148
53033010800,-0.6625624935039487,-0.20277981855497912,-0.1901307212055137,-0.058078130919568725,0.3748921162129851,-0.147731809594205
53033010900,-0.5089847880139652,0.05602742529554015,-0.8974367350171156,0.05990330513820556,-0.4145469569081504,-0.3410075499010971
53033011001,-0.7469874781043377,-0.1302895997211623,-0.435395929646575,0.457207077347838,-0.024981217168125378,-0.17608942945847247
53033011002,-0.3959088611755894,0.13088740572031626,-0.23550594955796914,-0.049660513874098706,-0.12810486765657653,-0.13565855730878348
53033011101,-0.7396252978610264,-0.9883087669989199,0.09234729147524662,0.4493332288605585,0.01616563496589436,-0.23401758191164937
53033011102,-0.7396252978610264,0.4255639581614925,0.5140249304516228,-0.04490787041692781,0.1968653043164472,0.07038420493032166
53033011200,-0.7978665551546836,-0.4911740461341241,-0.25710721155273547,0.08360909350485725,-0.46946826257177593,-0.38640139638169235
53033011300,-0.7444856423558822,0.2166784980623366,-0.1946436097521592,-0.10486931868221039,0.2713741518438515,-0.11118918417681274
53033011401,-0.44867332189770004,-0.6673071932576115,0.3960221623212654,-0.12060114826181575,-0.6136432140699213,-0.29084054303315665
53033011402,-0.3290135119729849,-0.7124440898425022,-0.9579002558253071,-0.01688792559120877,-0.6792673552898447,-0.5391026277043696
53033011500,-0.4827425435613332,0.5758245265271065,0.22444028797739976,-0.17321961025544363,0.2188790442942556,0.07263634099639699
53033011600,-0.4827425435613332,-0.032076864423051354,0.41325960911283266,0.0497435414981959,0.26248944553637066,0.04213463763260293
53033011700,-0.497991532714971,-0.9581817496297762,0.01722358288940841,0.20499832045749133,0.3974884021241569,-0.16729259537473812
53033011800,-0.5271786201538393,-1.0187569341374767,0.8411244062115523,-0.038108779897842386,0.41248748261048146,-0.06608648907342493
53033011900,-0.32208784162880694,0.36437660860308874,0.3084212710077987,-0.18650044242373104,0.12186628577939178,0.05721517626754825
53033012000,-0.3290135119729849,0.4085681892308278,0.18289408047686015,-0.16381035507189234,0.215615058950711,0.06285069232270435
53033012100,-0.3290135119729849,0.22553043634320938,0.3476059616349453,-0.2600055360137477,0.38436285065908565,0.07369604013010154
53033020100,-0.04529706331103939,-0.32087951958431776,-0.07328597579505257,-0.29981175545922883,0.4397302790797666,-0.05990880701397439
53033020200,0.019461359852468885,-0.31206689869476695,0.08509865044059506,-0.3000429522698442,-0.42610994109933853,-0.18673195635417714
53033020300,-0.10144387846694738,-0.6077010385663025,-0.2413836264216863,-0.15436046379055568,-0.24661239918605957,-0.2703002812863103
53033020401,-0.10144387846694738,-0.47098904939988206,-0.03827275618283311,-0.17737934029852298,0.3749879733419538,-0.08261941020124636
53033020402,0.5771926154184487,-0.4571486810907373,-0.2030875038238595,-0.18711479524814698,-0.2581570128388614,-0.1056630755166313
53033020500,0.17719612057212436,-0.8117198062908272,-1.4470565637715385,-0.1502637855079567,-0.13039006225296657,-0.4724468194502329
53033020600,-0.27953320792706554,-0.46785251708397624,-0.7999898181288537,-0.11053158657178863,0.46873674651327296,-0.23783407663968223
53033020700,-0.2452180023186327,-0.2588388501283113,-0.12997948234543788,-0.08763708933022732,0.25023458127400017,-0.0942877685697218
53033020800,-0.018467056465066255,-0.3680810223021193,-0.8130122369129884,-0.254409306269584,-0.4110621922736589,-0.37300636284468336
53033020900,-0.17770620772615675,-0.605876632390856,-0.29496955886918025,0.043354028432995254,-0.5011802955663683,-0.3072757332239132
53033021000,-0.17161144969432124,-0.06269864994506404,0.2638307115704289,-0.15011170068573643,0.3562382187076899,0.047129425990599425
53033021100,-0.0028393844134187276,-0.273698580938446,-0.32211452454937245,-0.10409381835896486,-0.019630938339211854,-0.1444754493198828
53033021300,0.23222036926568074,-0.024524654616199352,-1.0381897834966938,-0.11142817033796128,0.1968653043164472,-0.1490113869737453
53033021400,0.29729173564451356,-0.9415891696365848,-0.05307863770096022,-0.1929149352485014,0.2718643228535026,-0.12368533681760605
53033021500,0.29729173564451356,0.1281221831476205,-0.8709391421414047,-0.27170848682605675,0.17811554968218332,-0.1078236320986288
53033021600,0.7155710942157947,-0.3289130559779634,-0.3653021835427157,-0.23984610123179484,0.41248748261048146,0.03879944721476044
53033021700,0.4043296252991123,-0.5272389897238204,-0.2571177202860133,-0.2372218846519611,-0.3903281311369222,-0.20151542009992096
53033021802,0.6507946283966078,-0.09937982697512202,0.0717985358494358,-0.2960301212808821,0.1687406723650514,0.09918477767101819
53033021803,0.40869546631367454,-0.14365538121493399,-0.272842573916627,-0.17083001006936901,-0.4184987683186901,-0.11942625344118911
53033021804,0.6504350480921516,0.3100970591594815,-0.48095317459202586,-0.16769788472230868,-0.5963013441233397,-0.056884059237208226
53033021903,0.04472840745459408,0.034586678666684946,0.26673496670716534,-0.14233766514306376,0.23436481358497485,0.08761544025407109
53033021904,0.04472840745459408,0.04141122135803427,-0.5873575882317287,-0.15132136393761636,0.19681737575196287,-0.09114438952095076
53033021905,0.47361276789420786,0.156938313241169,-0.4065397915944312,-0.21383532269249714,0.2811912716061502,0.058273447690919744
53033021906,0.4448035828135484,-0.6508560782587949,0.050665399408871235,-0.2608143823888988,0.3374405355089417,-0.015752188583266463
53033022001,0.6543827844090323,0.9666120268642174,0.39612502880420675,-0.2420507340280888,0.47806369526592063,0.45062656026305764
53033022003,-0.045357759716573326,-0.11976355669603013,-0.3482048335512423,-0.19099944170556027,0.34686334139055797,-0.07149245005576961
53033022005,-0.0998359769379489,0.45930389019378287,-0.49151220913709126,-0.1325248725572567,0.3937377279762176,0.02583371190754072
53033022006,0.04335762562460309,-0.12871353320462622,-0.251676619393168,-0.2179035496438115,-0.5800679553661221,-0.22700080639662495
53033022101,0.5348046116450682,-0.8294358027737172,-0.12577519324761643,-0.2793370019008987,0.18749042699931526,-0.10245059185556978
53033022102,0.6683322441077718,-0.16811797278548862,-0.1326824167505495,-0.27370280322928253,0.2718643228535026,0.07313867483919075
53033022201,0.5892210919975926,-0.23725371102746087,-0.6086655539963766,-0.2586629340575225,0.4593618691961411,-0.01119984757752524
53033022202,0.42577843431008994,-0.3764423522385421,-0.1901288067644187,-0.18140771942772363,-0.5706930780489902,-0.17857870443391693
53033022203,0.42577843431008994,-0.15330047925510928,-0.16725135234810914,-0.29568171852389674,0.31873870943916216,0.025656718724427385
53033022300,0.5892210919975926,1.01260387145649,0.5057848549047101,-0.33234775303464564,0.33748846407342603,0.42255010587951464
53033022400,0.5586424677559202,0.2410723709231832,-0.21132757937077215,-0.057328180282025784,-2.2226687169935704,-0.338321927593453
53033022500,1.0245722188719901,0.5520564027222352,0.09628021144139647,-0.05825797890171228,-2.250793348944966,-0.1272284989622113
53033022603,0.017220586381749836,-0.44639708483164214,-0.2695596709310197,-0.14932513050456556,0.2718643228535026,-0.115239395406395
53033022604,0.2737396313490688,-0.007434132810109943,-0.24565796391955466,-0.07843719974058166,-2.110170189187987,-0.43359197086183293
53033022605,-0.06580263288509686,-0.4890457068197236,-0.7226962574023366,-0.0452103458547365,0.26248944553637066,-0.21205309948510456
53033022606,0.5394886384840928,0.48156253961670203,-0.2431279443974313,-0.0743250417263421,0.22498993626784294,0.18571762564897287
53033022701,0.914697791189113,0.001030499636969227,0.5541682375081359,-0.07794868431866434,-2.3164174901648895,-0.18489392922986714
53033022702,0.914697791189113,-0.03967539011581417,-0.11185787975880905,0.2800246030634462,-2.250793348944966,-0.24152084491340603
53033022703,0.9065047691127336,0.13039933088901962,0.2998353656949096,-0.03845517685718627,-2.0820455572365915,-0.156752253679423
53033022801,0.3875883183754624,0.28811471783768544,-0.2117419588608978,0.16561855959773178,0.20624018163357913,0.1671639637167122
53033022802,0.5827757187739541,NA,-0.3436919450045969,-0.09132576102308859,0.31873870943916216,NA
53033022803,-0.046664822242101556,-0.047778591239965564,0.14958794852323312,0.2531667892014017,0.1687406723650514,0.09541039932152381
53033022901,0.15910412353908987,-0.12782390478869612,-0.34632483100966155,-0.028557407904071123,0.38436285065908565,0.008152166099149346
53033022902,0.8864295664264038,0.09536971415138204,0.2514848011743782,-0.09527684766161787,0.1580249056348892,0.2592064279450871
53033023000,0.37841603618275266,0.0278933390454472,0.04426618164529191,-0.07940096063388297,0.4218623599276134,0.15860739123344444
53033023100,0.6078999806863483,-0.047090159749943315,0.1404921230298952,-0.01612492156872586,0.09374165382799604,0.15578373524511407
53033023201,-0.2331394504547504,0.7375856041961972,-0.07366462364392358,0.08621211767558716,0.1312411630965237,0.12964696217392682
53033023202,-0.2743663877374248,0.2988435796080428,-0.06258592912606355,0.23927822378971775,-0.21782165725423552,-0.0033304341439926582
53033023300,0.29036051918342065,-0.4173522935902607,-0.6749957098623478,-0.032990254152949115,0.4031126052933495,-0.08637302662575749
53033023401,0.5613969739156908,0.4162203204019422,-0.49140934265414993,0.011740619112187857,-0.24933419828619402,0.04972287449789537
53033023403,0.8235650537262126,-0.4355864924383204,-0.4529457308783449,-0.09121720129125949,0.31873870943916216,0.03251086771148999
53033023404,0.8860556977444531,0.8760253065156876,-0.43307038647157303,-0.26574945432132696,0.3093638321220303,0.2745249991178542
53033023500,0.9668930326415425,-0.7226946135206229,0.189936988545629,0.025071131270135237,0.38436285065908565,0.16871387791915388
53033023601,-0.011724684839933946,-0.07456604094934118,0.22228450406988934,0.14584752295949946,0.4781116238304049,0.1519905850141037
53033023603,-0.24932833321331233,0.1182587132595035,0.1785825126618393,0.060497472712851996,-0.7007153879211382,-0.11854100450005114
53033023604,-0.017685205892132454,0.31859607448480337,-0.18924606585181944,-0.029724504447785634,0.2718643228535026,0.07076092422931368
53033023700,0.3297337470240792,-0.24875328971203262,-0.4641218661741362,-0.007824364229655274,0.3281135867562941,-0.012570437267090158
53033023801,0.9728535536937409,-0.07116484835404331,0.811886878789911,0.20015374431709773,0.2105606726990968,0.42485800022916065
53033023803,1.3085939251963683,-0.23799455214664456,0.7332499120634468,0.8893550273879511,0.38436285065908565,0.6155134326320415
53033023804,1.0465700266053908,0.8755746137929209,0.5452936570819533,0.6820807303401535,0.33748846407342603,0.6974014983787689
53033023900,1.0046429993005,-0.045623486256472556,-0.006233840107396804,0.30661049161255677,0.4781116238304049,0.34750155767591845
53033024000,0.7617656165393901,0.07045395256770383,0.27012073617571386,0.1684232648168556,0.41248748261048146,0.336650210542029
53033024100,1.3085939251963683,-0.030618839956957203,0.1893531072895079,-0.09021368570480157,0.3281135867562941,0.3410456187160823
53033024200,1.3085939251963683,0.3281367222148395,0.283865134781533,-0.1018801452999361,0.17811554968218332,0.3993662373149976
53033024300,1.1746340143522827,-0.08873052949924091,-0.29058994088864293,0.06943215168650664,0.46873674651327296,0.26669648843283567
53033024400,1.1746340143522827,-0.022658976947697175,0.3668875013825653,0.012432379239364088,0.4593618691961411,0.3981313574445312
53033024500,1.1746340143522827,0.37591087653132166,-0.42182960144409837,-0.11637162164485318,0.4406121145618772,0.290591156471306
53033024601,1.3116551877229552,-0.34599542755255813,-0.7790874911792508,-0.26543901457712216,0.4031126052933495,0.06484917194147473
53033024602,1.3116551877229552,-0.2376066430737849,-0.46573049958404544,-0.2939029011820453,0.4593618691961411,0.1547554026158441
53033024701,1.1916218824406004,-0.3235088827772151,-0.22719494380120728,-0.16484683613070694,0.4406121145618772,0.18333666685866964
53033024702,0.10726141426264899,-0.23215840522018605,-0.7525137534044736,-0.25603086758339033,0.34686334139055797,-0.1573156541109686
53033024800,1.3304612603069088,0.21915919259664687,-0.061730179179638266,0.012448374872018948,0.22498993626784294,0.34506571697275584
53033024901,1.4853282428004602,-0.41080931594386,-0.6426873390963348,-0.15701134866023847,0.3281135867562941,0.1205867651712642
53033024902,1.3304612603069088,0.006994700515717563,-0.1263551618281121,-0.17112972345415572,0.4406121145618772,0.29611663802044713
53033024903,1.5489934018210312,-0.015815947233875687,-0.0981462992358843,-0.22083454312407394,0.46873674651327296,0.33658667174809404
53033025001,0.6236884179621411,-0.10422106428982365,-0.5583958421760169,-0.2015416706764806,0.2531145682192387,0.002528881807811742
53033025003,0.8949082354162832,-0.5086337857247587,0.1159075809549932,-0.32264656312706297,0.4781116238304049,0.13152941826997191
53033025005,0.6236884179621411,0.23437489031872052,-0.17625767175893273,-0.2533340555952284,0.41248748261048146,0.16819181270743638
53033025006,0.6022016315929697,3.175617402125354,-0.5679174273950449,-0.3803789526459253,0.4781116238304049,0.6615268555015517
53033025101,-0.5535071044673036,-0.480504405221816,-0.13346811829692787,-0.21196715977397393,-0.17196510501823054,-0.3102823785556504
53033025102,0.5767020766700907,0.21312205302287168,-0.1484797327809377,-0.2676967391086657,0.17811554968218332,0.11035264149710845
53033025200,-0.42178403270403725,-0.07310035946217065,0.030219510266001726,-0.26799340730349325,-0.2971840850490312,-0.20596847485054612
53033025301,-0.634639280094154,-0.21593661774448092,0.34404693800532726,-0.10026439202417844,-0.12366232423061467,-0.14609113521762015
53033025302,-0.9840528998351376,0.1536947247052925,0.615303053115735,0.026224645805679573,-1.360718559838911,-0.3099098072094683
53033025400,-0.8028555684942132,-0.3588218720442312,0.17270395398831986,-0.151093388544039,0.45321496648450454,-0.1373703817219318
53033025500,-0.5535071044673036,0.04674080766474834,-0.405381768874535,-0.17202142467584064,0.2419473921672079,-0.1684444196371446
53033025601,-0.3383837918592295,-0.11187568343094534,-0.944390791172799,-0.25649557082606933,-0.6082541748887528,-0.4518800024355592
53033025602,-0.10361329561841726,0.1840826075343547,-0.5005375716045776,-0.31396975906891533,-0.4299158273230668,-0.23279076921612446
53033025701,-0.5995705962542536,0.4017023151034256,0.0944330269827101,-0.18643304425160417,-0.5542332203918476,-0.16882030376231394
53033025702,-0.4027708171691215,-0.1443117916799436,-0.1916394016908418,-0.32468193155483205,0.4781116238304049,-0.1170584636528668
53033025803,-0.7671231882799349,-0.5297952256674356,-0.2941113949230273,-0.25575208556266915,-0.5872335048831899,-0.4868030798632514
53033025804,-0.4027708171691215,0.061477691354984015,0.28372362309897686,-0.25084676189783567,0.2906140774877664,-0.003560437425045976
53033025805,-0.5924499159707249,-0.41133635765202287,-0.09354433675192671,-0.16260056692961392,-0.1406302791003022,-0.28011229128091814
53033025806,-0.5924499159707249,-0.16266727911939538,0.1519289379690327,-0.19047781780327283,0.31871474515692005,-0.09499026595348808
53033026001,-1.2022528990866173,-0.11326633953929378,0.059483029536551796,-0.2239044000503279,-0.8154095542208625,-0.45907003267210994
53033026002,-1.2216245925062628,-0.49685554936398657,0.1441864919472679,-0.049351497662398505,-1.6642139961824756,-0.6575718287535711
53033026100,-1.2216245925062628,0.18142832838180634,0.31569299033299875,-0.15583465983882278,-0.09568398029866478,-0.19520438278578905
53033026200,-0.2944935256772895,-0.20150263030049992,0.07521712340087885,0.075432388711815,-0.17561851897416347,-0.1041930325678518
53033026300,-0.7500741954375525,-1.1275167246066353,1.462975842207151,-0.0036306826482106307,-0.9109237383597809,-0.2658338997690057
53033026400,-0.5089161144905378,0.09689498304132774,-0.08327036931771019,-0.09840069644886229,-0.3714714851099917,-0.19303273646515484
53033026500,-0.8204981872966597,-0.17934154630175211,-0.24528372830494172,-0.09919096130800087,0.16070333845710835,-0.23672221695084922
53033026600,-0.512544792970291,-0.7210425736359336,0.2819523141570578,-0.14541009294282098,0.44194965797106606,-0.13101909748418433
53033026700,-0.6533852240849221,-0.21780581372047855,0.21505994044305154,-0.22972732787528438,0.26248944553637066,-0.12467379594025256
53033026801,-0.512544792970291,-0.8774923412420205,0.10650315601283124,-0.04304186125605937,0.005408910577854277,-0.26423338577553707
53033026802,-0.8704475324074552,-0.0018897394182071138,0.37098700955635033,-0.13633905918451422,-0.21311275567452798,-0.17016041542567084
53033027000,-0.7144370443613126,-0.3566656573654582,0.4634201277748978,-0.1530643311677179,-0.18728459183275736,-0.18960629939046963
53033027100,-0.8154218231943734,0.079309749614823,0.6413292570412008,-0.13135916179518733,-0.5768356546134816,-0.1605955265894037
53033027200,-0.7500741954375525,-0.44302253065064756,1.2312030846863293,-0.05714449995024073,-0.4171651243733734,-0.08724065314509696
53033027300,-0.7885994784594796,-0.4262690820604592,-0.7210085655350003,0.013230165920176958,0.38436285065908565,-0.3076568218951353
53033027400,-1.081199644663109,-0.7222659670484843,0.20857292354696463,-0.12067591825294219,-0.655952613977331,-0.47430424407898036
53033027500,-0.8460070162981618,-0.2749087263564164,0.40932036247132964,-0.15112712826194047,0.21309263063161635,-0.12992597556271454
53033027600,-0.8833017013141655,-0.20760459871240713,-1.1119174178724913,-0.22792483985289733,-0.2313634424034131,-0.5324224000310749
53033027701,NA,0.039340960233886814,1.3869229221578478,-0.29192182917821696,-0.9502746931875399,NA
53033027702,NA,-0.4514916813727711,0.5844332004655926,-0.5961853269440173,-0.30937807080867674,NA
53033027800,-0.39046598302193924,-0.55590546914812,0.4959342315067934,-0.3403160269552573,0.10311653114512791,-0.13752734329467906
53033027900,-0.5917328798391496,-0.057365660971908004,0.5754742888316888,-0.041811602292641754,0.14644314800231042,0.006201458746059985
53033028000,-0.6880532084148986,-0.01052842981739797,-0.2518823523590507,0.010589417111584128,0.07020641564242243,-0.17393363156746813
53033028100,-1.0934240888083389,-0.38042773549811204,-0.1630798813331822,0.14539613965984816,-0.49188381914337415,-0.3966838770246318
53033028200,-0.7500741954375525,0.054256172191066404,2.565321389554127,0.12406164005401549,0.14061604041365564,0.42683620935506245
53033028300,-0.2944935256772895,-0.17843333415830107,1.5436739222519427,-0.19835814786793576,0.20612036022236832,0.21570185495415695
53033028402,-1.2604781196534987,-0.3893383109893899,0.42197437275757194,0.4172868281689431,-0.39924359428448547,-0.2419597648001718
53033028403,-1.3598201371951093,0.2339130902185989,-0.28132120051231674,0.12488374295158855,-0.8145597097056311,-0.4193808428485739
53033028500,-0.0930935275672657,0.013005416386021132,0.42064393471331996,-0.2326025557388207,-0.9924925135835142,-0.1769078491580519
53033028600,-2.087411754709612e-4,-0.055943181311689905,-0.36297789698647503,-0.2925649978436925,-0.06501615435433547,-0.15534219433433277
53033028700,0.11523982279806003,-0.4215019343880835,0.06403556240007745,-0.27629473104915003,0.1312411630965237,-0.07745602342851447
53033028801,-0.05565562049595172,-0.15929203298779104,0.30376828566105935,-0.0738729430770689,-0.03425006758869035,-0.003860475697688534
53033028802,-1.0703593259851403,NA,0.3206903067698168,0.094541560575115,-0.2854881196900714,NA
53033028901,-0.31538575900480903,-0.14787754277552104,0.3176855991498668,-0.26577000125961764,0.3281135867562941,-0.016646823426757357
53033028902,-0.43956328093554775,-0.4132200858145116,0.36059747677728043,-0.20513979297513657,-0.6851000139187762,-0.27648513937333835
53033029001,-0.31538575900480903,-0.24166602630215628,0.0737814048739579,-0.2909315673795182,0.0029079286027382336,-0.15425880384195748
53033029003,-0.43956328093554775,-0.1918284789702914,0.4089480412978118,-0.28149907589546996,-0.748178891788561,-0.2504243372584117
53033029004,-0.43956328093554775,-1.125517150305426,0.9084523232651378,-0.069405218391012935,-0.2930577010301318,-0.20381820547939614
53033029101,-0.7304353715940709,-0.8856277490725355,0.4915144124308752,-0.24426613457784177,-0.3991399090984884,-0.3535909503824123
53033029102,-0.714283380613217,0.2991197614481727,0.6371523470489818,-0.3141083492748894,0.07790694713979365,-0.0028425348502316315
53033029203,-1.4671974567960817,-0.26409987501027254,1.0386981353086044,0.5293762861080858,-0.26436098709885997,-0.08551677949770478
53033029204,-1.272436439324356,-0.16184121938199258,-0.001650903160704394,-0.2014910410282642,-0.7972589890475138,-0.4869357183885662
53033029205,-0.7304353715940709,0.13239715528090049,0.0730613394933684,-0.24528343364679317,-1.2292604965988319,-0.3999041614130854
53033029206,-0.398536370506738,-0.4865954463194602,-0.12478375873535542,-0.04637805287059997,-0.427175732182689,-0.29669387212296855
53033029303,-0.3176533679534229,-0.013311509291907738,0.2497414823158985,-0.19187671899181333,-0.761608081167037,-0.2069416390176565
53033029304,0.09011128101023337,0.24884465738675068,-0.12433947472069554,-0.3474377043454324,0.4781116238304049,0.0690580766322522
53033029305,-0.46537466647466263,-0.35187009615207493,-0.24630798090009723,-0.1776077952774119,0.29998895480489834,-0.18823431679986968
53033029306,-0.21527454141242178,-0.7698250203530483,-0.15682267481079173,-0.3144327845811063,0.29998895480489834,-0.23127321327049397
53033029307,0.09011128101023337,-0.38244698550447565,-0.16328561429906488,-0.36920132672677913,0.36561309602482184,-0.09184190989905289
53033029403,-0.7166924258561279,-0.1652381403053693,-0.23253267865247865,-0.24176602210982873,-0.10313076983177445,-0.2918720073511158
53033029405,-0.14338057276551008,-0.9175141159467554,-0.28993992390810036,-0.33332020555337305,0.2718643228535026,-0.28245809906404723
53033029406,-0.7322191398866371,-0.463602324783888,-0.3485134330000664,-0.38117570343651946,0.4781116238304049,-0.2894797954553412
53033029407,-1.4194626252835556,-0.8033027587575281,-0.2997944599816426,-0.22048956562329153,-0.4315244609238539,-0.6349147741139743
53033029408,-1.7063649312543097,-0.1808019892537666,-0.5210211056904042,-0.2648777094605403,0.07028569485791622,-0.5205560081602209
53033029502,-1.1312458221617903,-0.4015515747916052,-0.6018699376514653,-0.3816007832676045,0.14999091773078757,-0.47325544002833553
53033029503,-1.9296316911940818,-0.3408768618750611,-0.014885381586074794,-0.2459225292901819,-0.4173035223221876,-0.5897239972535174
53033029504,-1.9296316911940818,-0.34777623087092174,-0.5327498171888069,-0.27065867274585487,-0.09769836217414869,-0.6357029548347628
53033029601,-1.2715456526358857,-0.11070682628094614,0.13645633658080397,-0.3375214049326269,-0.4802883271968298,-0.4127211748930969
53033029602,-0.22019006836980162,0.3292364505329049,-0.8908084758207714,-0.3403237462885552,0.36998428131379124,-0.15042031172648643
53033029700,-1.709315638929496,-0.5187792464231111,0.4942536352557423,-0.18035417861919373,-0.22260587400415707,-0.4273602605440431
53033029801,-0.6873313952738338,-0.19289992605333384,0.5196693503106232,-0.3050364349007024,0.2372798615310364,-0.08566370887724209
53033029802,-0.4669798927984245,0.2218867252417037,0.5971501635355965,-0.3584967102018087,0.1312411630965237,0.024960289774718137
53033029901,-1.2577453747616316,-0.17937179202425532,-0.309567293421697,-0.31051400344090135,-0.10313076983177445,-0.43206584669605197
53033029902,-0.5194437520563125,-0.21261887304608182,-0.20154891881399728,-0.33108100073538815,0.38436285065908565,-0.17606593879853882
53033030003,-0.5720770966542512,-0.31077561855722274,0.010316359386475349,-0.2789568190987298,0.08728182445692557,-0.21284227009336057
53033030004,-0.5720770966542512,-0.26139336322024587,-0.001720951560751231,-0.29597143562926653,-0.34198322757075156,-0.2946292149270533
53033030005,-1.099032608452805,-0.4874974619146356,-0.21752865055097068,-0.26248156422994096,-0.15705185277386838,-0.44471842758444413
53033030006,-1.8387103874966553,-0.06664178320554619,0.1653398229468707,-0.16540933312433428,-0.20392623935952803,-0.42186958404783864
53033030100,-0.894800789219648,0.1411632235106861,0.8946026441766496,-0.41047895242701016,-0.37880195633902575,-0.12966316605966965
53033030201,-1.1882431905765853,-0.4410836253218944,-0.5973448953127465,-0.3287297106173421,0.08023912748496065,-0.49503245886872155
53033030202,-0.7550727221501957,-0.6040965123977378,0.5663084149383039,-0.2421938540491903,-0.2276550140692238,-0.2525419375456087
53033030304,-0.9185989822646075,-0.025819132621384484,0.17895291939426225,-0.3831668388227384,-0.4530831520556258,-0.3203430372740188
53033030305,-1.0356106983015185,-0.49666910999232433,0.12202910291154788,-0.4896653458840747,0.3093638321220303,-0.3181104438288679
53033030306,-1.429066251091917,-0.0705168940307171,0.2835609475669671,-0.49870071551264056,0.36561309602482184,-0.26982196340869713
53033030308,-1.3843172836823356,0.3120377195473241,-0.23235784932839534,-0.39485521458961714,0.4312372372447453,-0.2536510781616558
53033030309,-1.2584468086756575,-0.7174276775499389,-0.1450611452294947,-0.3044836899968768,-0.5613182007318583,-0.5973475044367652
53033030310,-0.9185989822646075,-0.2762063585411834,-0.24476939589023494,-0.3719782720196919,0.328089622474052,-0.29669267724833315
53033030311,-1.6847977863853565,-0.9027320239601789,-0.12426942632064863,-0.38335543207908956,-0.42124793828562845,-0.7032805214061804
53033030312,-1.2139528805768227,-0.7442251075354382,-0.04035849169029656,-0.41431202835647135,-0.05422698405809635,-0.49341509844342507
53033030313,-1.2191132877267314,-0.8592452409952355,-0.1276241344242992,-0.24632439812356327,0.030067453310466414,-0.4844479215918726
53033030314,-1.2558698342053554,-0.8278952830974182,-0.4166985211950256,0.08931379624597596,0.3675630367272157,-0.4087173611049215
53033030401,-1.3936351531112274,-0.8637846741722515,0.028405143890209816,-0.3722603731266272,0.26244151697188633,-0.467766707909602
53033030403,-1.3412369970837865,0.4606250758541105,-0.37921949703152313,-0.39669974630321647,0.31873870943916216,-0.2675584910250507
53033030404,-0.3561919921171671,-0.73485447902761,-0.7810037249207189,-0.3939612191593782,0.17811554968218332,-0.4175791731085382
53033030501,-0.35422597613903123,-0.09232272382211722,0.683904129371154,-0.015472143126403371,-0.5216618030910581,-0.0599557033614912
53033030503,-0.29871270442795167,-0.22190794203638636,0.2723421562490131,-0.23501117142962125,-0.17697731115374732,-0.1320533945597387
53033030504,-0.8552074069106327,-1.2069563984533127,-0.19518884580866544,-0.15625770129870198,0.23269690734841167,-0.43618268902458024
53033030600,-0.8306967991736831,-0.30861890760174904,0.3691075065734023,-0.1380261007987706,0.1413213762577403,-0.15338258494861204
53033030700,-1.0575403625456554,-1.1690509588343425,0.6009473989359105,-0.293246038454644,-0.12434679242369437,-0.40864735066448515
53033030801,-0.6714930664780062,-0.11848321004133837,-0.8254306097088135,-0.37021493578208864,-0.4609824362655712,-0.4893208516551636
53033030802,-0.6714930664780062,-0.787305833163805,-0.3374347384822064,-0.3631085444466619,-0.598817710000386,-0.5516319785142131
53033030901,-0.1945660291924403,-0.5177062282649836,-0.27841985893394067,-0.3256435844215839,0.3374405355089417,-0.19577903306080136
53033030902,0.042809145099517165,-0.9839018760525531,0.030935163412333173,-0.27969172516534563,-0.46165632272517654,-0.330301123086245
53033031000,0.025852686858969444,-0.22301418152042943,0.7537229211886153,-0.5237335245898788,-0.0187808382598293,0.0028094127354894465
53033031100,-0.5644295153259781,-0.8708902857329301,0.3179246497572766,-0.30279287213373335,-0.592803538869136,-0.40259831246090017
53033031202,0.09645264499766895,-0.4421517208360296,-0.15969411186463356,-0.808089988634,-1.4144320365908636,-0.5455830425855716
53033031204,-0.06467334264815705,-0.36682837543940033,-0.26121672890116576,-0.6113706370515652,-1.0593682561792308,-0.47269146804390383
53033031205,-0.22019006836980162,-0.9249415634086315,0.012737685308936894,-0.44935061627801176,-0.09375589251464249,-0.3351000910524301
53033031206,-0.46018521439753246,-0.5014189740299578,-0.1643799152942673,-0.3567581283918411,0.17811554968218332,-0.2609253364862831
53033031301,0.3120789998229167,-0.8518261170111698,-0.40315402212588264,-0.8546416274981633,-0.1500051564174341,-0.38950958464594665
53033031302,0.721845937682247,-0.2263536490400005,-0.022031156137784974,-0.7553374520879402,-0.7338662123828741,-0.20314850639327056
53033031400,0.48115629222467055,-0.45060307550788137,-0.4575290692367477,-0.5870705309139161,-0.36543784837624677,-0.2758968463620243
53033031501,0.09645264499766895,-0.2966625658712214,-1.4402130619932991,-1.0475222679820173,0.20624018163357913,-0.49634101384305795
53033031502,0.24886048070965744,-0.5726997525314111,0.041228156383814794,-0.9765405047257247,-6.045621431254034,-1.4609546102835396
53033031601,-0.3631932390042779,0.062382362337020734,-0.44996600163655165,-0.6454517683782509,0.11249140846225984,-0.25674744764395996
53033031603,0.09645264499766895,-0.012741203174321888,-0.1609941458257187,-0.714514903606385,-1.1189565380356616,-0.38215082912888365
53033031604,0.8824037167735007,-0.7023325788981407,-0.801303399797896,-0.6646292002595365,-0.018756873977587147,-0.26092366723193194
53033031605,0.1658547117808154,-0.6731678817585218,0.02407784896309434,-0.7598238030329443,0.29998895480489834,-0.1886140338485316
53033031703,-0.7861656078916243,-0.17789920320847666,-0.11989222233983893,-0.42385219196882834,0.4218623599276134,-0.21718937309623096
53033031704,-1.0629050137286205,0.17486655915542826,0.0722756379469901,-0.47313303129526857,0.2531145682192387,-0.2071562559404464
53033031705,-0.08016580256872752,0.40015271675671943,0.25607464660438817,-0.5636105103420403,0.29998895480489834,0.06248800105104761
53033031706,-0.3116504458912292,-0.006380071235994285,-1.793978179065348,-0.48149150695986365,0.34686334139055797,-0.4493273723523754
53033031800,0.27429285015755883,-0.28807077058948105,-0.11924853203464938,-0.4777090669657498,0.2531145682192387,-0.07152419024261653
53033031903,0.33962366422562723,-0.22660642477482634,0.22184022005522946,-0.43248833817436194,0.06561702187660023,-0.006402771358346271
53033031904,0.33962366422562723,-0.5766655489450914,-0.46542190013522133,-0.5430213129581974,-0.27187856154014917,-0.3034727318706064
53033031906,0.8810497723178187,-0.5639477202891516,-0.25871952746193677,-0.5470750865729164,0.4781116238304049,-0.0021161876351562412
53033031907,0.25640374037596686,0.2904463919736502,-1.1409849439695046,-0.4191266348983762,0.0843667765108641,-0.18577893400147993
53033031908,0.25640374037596686,-0.1045073031970323,0.03873095494458587,-0.37434704358640714,-1.0622976945215648,-0.2492034691968903
53033031909,0.5445668796779395,-0.5538373866109019,-0.33107466547687453,-0.40458838924094065,0.4593618691961411,-0.0571143384909273
53033032002,0.8810497723178187,-0.3230090792041213,-0.20763321045339944,-0.6675444166512791,-0.2343790522716214,-0.11030319725252051
53033032003,0.8810497723178187,-0.0826406679634026,-0.03154036200398334,-0.7146036802318435,0.22498993626784294,0.055450999677286436
53033032005,-0.10599472712328782,0.12737490046389088,-0.13213526625294827,-0.597902444439314,0.2906140774877664,-0.08360869197277855
53033032006,-0.157537520215848,-0.39406726860825536,-0.2047617733995576,-0.6278699049777906,-0.05625638324611478,-0.2880985700895133
53033032007,0.8810497723178187,-0.24771939373526294,0.10099883295392464,-0.5840911715175995,-0.18750466568596177,-0.007453325133416178
53033032008,0.8824037167735007,-0.6869600445101749,0.42231820428901795,-0.6659709143396062,0.009367757973808658,-0.007768255962690755
53033032010,0.8810497723178187,-0.4396787988911141,-0.40929165030879433,-0.6712186106882301,0.4031126052933495,-0.04720533645539406
53033032011,0.8824037167735007,0.20487058370745306,-0.4068226831822188,-0.6828914316551731,0.3281135867562941,0.06513475447997119
53033032102,0.1218605839106731,-0.31124587554567845,0.048443979335571964,-0.645863964256809,-0.45000123056565566,-0.24736130142437962
53033032103,0.05132727846062575,-0.1777144739320324,-0.04035849169029656,-0.1117989536897376,-0.4975874872540067,-0.15522642562108951
53033032104,0.026491774071497737,-0.43342672889583833,-1.0118550963293262,-0.2367589314270842,0.4781116238304049,-0.23548747175006923
53033032203,0.9572599193308948,-0.21294063077105949,-0.10648924126573824,-0.397415311354511,0.26248944553637066,0.10058083629519135
53033032207,0.9572599193308948,0.13367357947472955,-0.4710050122692555,-0.4114891931131537,-0.28125343885728105,-0.014562829086813172
53033032208,0.6725278074940007,0.06517028796713796,-0.15005746254904753,-0.36999341779923806,-0.7019413604888372,-0.09685882907519683
53033032210,0.4925660024878185,0.35822131746595726,-0.07732176224414382,-0.4079650323529719,0.4781116238304049,0.16872242983741298
53033032211,0.8537408017098518,0.10354897591338814,-0.266926784925955,-0.48620936631196326,0.3562382187076899,0.11207836901860231
53033032212,0.6793203457593566,-0.20872531698590227,-0.3623278800059325,-0.4644605889997942,-0.05625638324611478,-0.08248996469567743
53033032213,0.6160672830143717,-0.2158646568609569,-0.16967850538729112,-0.5683079074423509,0.06561702187660023,-0.054433352959925393
53033032214,0.9990580276961154,0.02288307687002769,-0.5088062016495394,-0.4959971336750601,-0.1500051564174341,-0.026573477435178093
53033032215,0.35525008629859695,0.3975472696933814,-0.37126138772956896,-0.635874722393065,0.4781116238304049,0.04475457393994986
53033032307,1.0254975510556184,0.2700710994932989,-0.6259623102783795,-0.44858289137759677,0.3562382187076899,0.11545233352012618
53033032309,0.1805124912749467,-0.09665311374110554,1.1214447205437075,-0.0019285019825340042,0.44998699187900915,0.33067251759480476
53033032311,1.1604992227733413,-0.26175880904072435,-0.9607991834039558,-0.43481176429251683,-0.1687549110516979,-0.1331250890031107
53033032313,0.6443666440507974,0.46936136160026554,-0.13234099921883108,-0.19078369365494566,-0.6900462944312116,0.020111403669214916
53033032315,0.05622639229672258,-0.41501161668075753,0.15406801898698422,-0.6097371358747657,-0.8062465686166689,-0.32414018197769706
53033032316,0.9379710116651144,0.04531767597174249,-0.406745524560314,-0.3943995976760935,-0.048222395342013114,0.026784234011687263
53033032317,1.1193649017421485,-0.2756275623400301,-0.41300273108270447,-0.38948931515173146,0.18749042699931526,0.04574714403339955
53033032318,1.0337997621401367,-0.10012984887825088,-0.4030183375600468,-0.478426532510613,0.215615058950711,0.0535680204283874
53033032319,0.5436188686954058,0.2935003315724627,-0.4630793632878875,-0.21058644752410494,-0.30810429552807483,-0.028930181214439764
53033032320,0.8914200979821155,0.00793124493755847,-0.5544629222098669,-0.3530843539730062,0.009367757973808658,2.3436494212190627e-4
53033032321,0.05390802381290956,-0.16903237688669542,-0.31066159441689944,-0.2768030864504537,-0.19687954300309365,-0.17989371538884652
53033032322,0.1118794474993899,1.4621294048067748,-0.8053772064716503,-0.3273825992868288,-0.15938003373456608,0.05637380256262389
53033032323,0.08257355232111276,0.16778970927829348,-0.5005051681474878,-0.21809265550278878,0.4218623599276134,-0.009274440424651389
53033032324,0.1805124912749467,0.21887834330276826,-0.7735768414449912,0.02427836665713072,0.4031126052933495,0.010640993016640806
53033032325,0.1152222850251051,0.0841387882066644,0.2304545312167549,-0.13252052502962047,0.2992700263376336,0.11931302115130751
53033032326,0.30378834566701085,-0.1554923137098355,-0.4822497954361182,-0.3959668995531748,0.2531145682192387,-0.09536121896257578
53033032327,0.3422440568828904,-0.10821153295227894,0.3918506913063383,-0.4669238307574553,0.4781116238304049,0.12741420166197986
53033032328,0.8049429333099292,-0.23862903722696258,-0.02797976321135143,-0.38619647286868075,-0.3562524573943365,-0.040822959478280414
53033032329,0.7852095479999279,0.9470003100807151,-0.19884598440888562,-0.4673522273672168,0.2531145682192387,0.26382524290475584
53033032401,-0.1488919682703486,-0.515421603899849,-0.07082600467297616,-0.6364002974053893,-7.119343323277109e-6,-0.2743093987183773
53033032402,-0.1488919682703486,-0.5281003034866945,-0.2719540058873073,-0.6724248405757135,-0.29062831617441287,-0.38239988687889537
53033032500,0.05622639229672258,-0.18713389251292614,0.09860449799763714,-0.7468313140550666,-0.17812978836882978,-0.19145282092849258
53033032601,0.4682355352350104,-0.36875421199732544,0.44491987733939786,-0.7547146096298291,-0.5812495130055025,-0.15831258441164975
53033032602,0.2891345466793679,0.12123290220786338,-0.09530768026493687,-0.8415334364516448,0.4781116238304049,-0.0096724087997891
53033032702,0.2724353652679614,-0.3425444291020396,0.7714349722845737,-1.1501548539871516,0.4781116238304049,0.005856535658749773
53033032703,0.5651386289572139,1.03702342012659,-0.11931225375934328,-0.7428831345299175,0.2906140774877664,0.2061161476564619
53033032704,0.2724353652679614,-0.43120328700758576,-0.6461513980813784,-0.784869696138468,-0.03317369518426335,-0.32459254222874684
53033032800,NA,-0.05534864197696717,3.246004467070589,-1.406095580250978,0.4781116238304049,NA
